{"cameraMode":{"drawMode":0,"name":"Shaded","section":"Shading Mode"},"sceneLighting":false,"audioPlay":false,"sceneViewState":{"m_AlwaysRefresh":false,"showFog":true,"showSkybox":false,"showFlares":true,"showImageEffects":true,"showParticleSystems":true,"showVisualEffectGraphs":true,"m_FxEnabled":true},"in2DMode":false,"pivot":{"x":0.8660851716995239,"y":0.36724746227264407,"z":0.5387000441551209},"rotation":{"x":0.6866669654846191,"y":0.002180914394557476,"z":-0.002060011960566044,"w":0.7269665002822876},"size":0.7071067690849304,"orthographic":false}