{"cameraMode":{"drawMode":0,"name":"Shaded","section":"Shading Mode"},"sceneLighting":true,"audioPlay":false,"sceneViewState":{"m_AlwaysRefresh":false,"showFog":true,"showSkybox":false,"showFlares":true,"showImageEffects":true,"showParticleSystems":true,"showVisualEffectGraphs":true,"m_FxEnabled":true},"in2DMode":false,"pivot":{"x":0.06446981430053711,"y":0.41329294443130495,"z":0.8213469982147217},"rotation":{"x":0.038390230387449267,"y":0.45921579003334048,"z":-0.019826535135507585,"w":0.8873103260993958},"size":3.32089900970459,"orthographic":false}