{"cameraMode":{"drawMode":0,"name":"Shaded","section":"Shading Mode"},"sceneLighting":false,"audioPlay":false,"sceneViewState":{"m_AlwaysRefresh":false,"showFog":true,"showSkybox":false,"showFlares":true,"showImageEffects":true,"showParticleSystems":true,"showVisualEffectGraphs":true,"m_FxEnabled":true},"in2DMode":false,"pivot":{"x":1352.50439453125,"y":1045.92138671875,"z":-36.54542922973633},"rotation":{"x":0.040487829595804217,"y":0.007493805140256882,"z":-0.00030366730061359704,"w":0.9991539716720581},"size":1375.22412109375,"orthographic":false}